filepath,filesize,formatted_filesize,manuscript,high_resolution,filename
https://shakta-manuscripts.s3.eu-west-2.amazonaws.com/mss0001_durgasaptasati/high_resolution/_DSC1512.jpeg,7821779,7.8 MB,mss0001_durgasaptasati,TRUE,_DSC1512.jpeg
https://shakta-manuscripts.s3.eu-west-2.amazonaws.com/mss0001_durgasaptasati/high_resolution/_DSC1514.jpeg,7042076,7 MB,mss0001_durgasaptasati,TRUE,_DSC1514.jpeg
https://shakta-manuscripts.s3.eu-west-2.amazonaws.com/mss0001_durgasaptasati/high_resolution/_DSC1542.jpeg,7974846,8 MB,mss0001_durgasaptasati,TRUE,_DSC1542.jpeg
https://shakta-manuscripts.s3.eu-west-2.amazonaws.com/mss0001_durgasaptasati/high_resolution/_DSC1544.jpeg,7749075,7.7 MB,mss0001_durgasaptasati,TRUE,_DSC1544.jpeg
https://shakta-manuscripts.s3.eu-west-2.amazonaws.com/mss0001_durgasaptasati/high_resolution/_DSC1546.jpeg,7522301,7.5 MB,mss0001_durgasaptasati,TRUE,_DSC1546.jpeg
https://shakta-manuscripts.s3.eu-west-2.amazonaws.com/mss0001_durgasaptasati/high_resolution/_DSC1547.jpeg,7528583,7.5 MB,mss0001_durgasaptasati,TRUE,_DSC1547.jpeg
https://shakta-manuscripts.s3.eu-west-2.amazonaws.com/mss0001_durgasaptasati/high_resolution/_DSC1672.jpeg,7494417,7.5 MB,mss0001_durgasaptasati,TRUE,_DSC1672.jpeg
https://shakta-manuscripts.s3.eu-west-2.amazonaws.com/mss0001_durgasaptasati/high_resolution/_DSC1674.jpeg,7421972,7.4 MB,mss0001_durgasaptasati,TRUE,_DSC1674.jpeg
https://shakta-manuscripts.s3.eu-west-2.amazonaws.com/mss0001_durgasaptasati/high_resolution/_DSC1680.jpeg,7614806,7.6 MB,mss0001_durgasaptasati,TRUE,_DSC1680.jpeg
https://shakta-manuscripts.s3.eu-west-2.amazonaws.com/mss0001_durgasaptasati/high_resolution/_DSC1681.jpeg,7569567,7.6 MB,mss0001_durgasaptasati,TRUE,_DSC1681.jpeg
https://shakta-manuscripts.s3.eu-west-2.amazonaws.com/mss0001_durgasaptasati/high_resolution/_DSC1682.jpeg,7730416,7.7 MB,mss0001_durgasaptasati,TRUE,_DSC1682.jpeg
https://shakta-manuscripts.s3.eu-west-2.amazonaws.com/mss0001_durgasaptasati/high_resolution/_DSC1709.jpeg,7816368,7.8 MB,mss0001_durgasaptasati,TRUE,_DSC1709.jpeg
https://shakta-manuscripts.s3.eu-west-2.amazonaws.com/mss0001_durgasaptasati/high_resolution/_DSC1710.jpeg,7754673,7.8 MB,mss0001_durgasaptasati,TRUE,_DSC1710.jpeg
https://shakta-manuscripts.s3.eu-west-2.amazonaws.com/mss0001_durgasaptasati/high_resolution/_DSC1712.jpeg,7401253,7.4 MB,mss0001_durgasaptasati,TRUE,_DSC1712.jpeg
https://shakta-manuscripts.s3.eu-west-2.amazonaws.com/mss0001_durgasaptasati/high_resolution/_DSC1713.jpeg,7448175,7.4 MB,mss0001_durgasaptasati,TRUE,_DSC1713.jpeg
https://shakta-manuscripts.s3.eu-west-2.amazonaws.com/mss0001_durgasaptasati/high_resolution/_DSC1714.jpeg,7564503,7.6 MB,mss0001_durgasaptasati,TRUE,_DSC1714.jpeg
https://shakta-manuscripts.s3.eu-west-2.amazonaws.com/mss0001_durgasaptasati/medium_resolution/_DSC1512.jpeg,530436,530.4 KB,mss0001_durgasaptasati,FALSE,_DSC1512.jpeg
https://shakta-manuscripts.s3.eu-west-2.amazonaws.com/mss0001_durgasaptasati/medium_resolution/_DSC1514.jpeg,485711,485.7 KB,mss0001_durgasaptasati,FALSE,_DSC1514.jpeg
https://shakta-manuscripts.s3.eu-west-2.amazonaws.com/mss0001_durgasaptasati/medium_resolution/_DSC1542.jpeg,487696,487.7 KB,mss0001_durgasaptasati,FALSE,_DSC1542.jpeg
https://shakta-manuscripts.s3.eu-west-2.amazonaws.com/mss0001_durgasaptasati/medium_resolution/_DSC1544.jpeg,509008,509 KB,mss0001_durgasaptasati,FALSE,_DSC1544.jpeg
https://shakta-manuscripts.s3.eu-west-2.amazonaws.com/mss0001_durgasaptasati/medium_resolution/_DSC1546.jpeg,433896,433.9 KB,mss0001_durgasaptasati,FALSE,_DSC1546.jpeg
https://shakta-manuscripts.s3.eu-west-2.amazonaws.com/mss0001_durgasaptasati/medium_resolution/_DSC1547.jpeg,439170,439.2 KB,mss0001_durgasaptasati,FALSE,_DSC1547.jpeg
https://shakta-manuscripts.s3.eu-west-2.amazonaws.com/mss0001_durgasaptasati/medium_resolution/_DSC1672.jpeg,422982,423 KB,mss0001_durgasaptasati,FALSE,_DSC1672.jpeg
https://shakta-manuscripts.s3.eu-west-2.amazonaws.com/mss0001_durgasaptasati/medium_resolution/_DSC1674.jpeg,416590,416.6 KB,mss0001_durgasaptasati,FALSE,_DSC1674.jpeg
https://shakta-manuscripts.s3.eu-west-2.amazonaws.com/mss0001_durgasaptasati/medium_resolution/_DSC1680.jpeg,438874,438.9 KB,mss0001_durgasaptasati,FALSE,_DSC1680.jpeg
https://shakta-manuscripts.s3.eu-west-2.amazonaws.com/mss0001_durgasaptasati/medium_resolution/_DSC1681.jpeg,432686,432.7 KB,mss0001_durgasaptasati,FALSE,_DSC1681.jpeg
https://shakta-manuscripts.s3.eu-west-2.amazonaws.com/mss0001_durgasaptasati/medium_resolution/_DSC1682.jpeg,494197,494.2 KB,mss0001_durgasaptasati,FALSE,_DSC1682.jpeg
https://shakta-manuscripts.s3.eu-west-2.amazonaws.com/mss0001_durgasaptasati/medium_resolution/_DSC1709.jpeg,486505,486.5 KB,mss0001_durgasaptasati,FALSE,_DSC1709.jpeg
https://shakta-manuscripts.s3.eu-west-2.amazonaws.com/mss0001_durgasaptasati/medium_resolution/_DSC1710.jpeg,441621,441.6 KB,mss0001_durgasaptasati,FALSE,_DSC1710.jpeg
https://shakta-manuscripts.s3.eu-west-2.amazonaws.com/mss0001_durgasaptasati/medium_resolution/_DSC1712.jpeg,404672,404.7 KB,mss0001_durgasaptasati,FALSE,_DSC1712.jpeg
https://shakta-manuscripts.s3.eu-west-2.amazonaws.com/mss0001_durgasaptasati/medium_resolution/_DSC1713.jpeg,403898,403.9 KB,mss0001_durgasaptasati,FALSE,_DSC1713.jpeg
https://shakta-manuscripts.s3.eu-west-2.amazonaws.com/mss0001_durgasaptasati/medium_resolution/_DSC1714.jpeg,428879,428.9 KB,mss0001_durgasaptasati,FALSE,_DSC1714.jpeg
https://shakta-manuscripts.s3.eu-west-2.amazonaws.com/mss0003_svasthani/high_resolution/DSC05451.jpeg,11933938,11.9 MB,mss0003_svasthani,TRUE,DSC05451.jpeg
https://shakta-manuscripts.s3.eu-west-2.amazonaws.com/mss0003_svasthani/high_resolution/DSC05452.jpeg,10820751,10.8 MB,mss0003_svasthani,TRUE,DSC05452.jpeg
https://shakta-manuscripts.s3.eu-west-2.amazonaws.com/mss0003_svasthani/high_resolution/DSC05453.jpeg,10836944,10.8 MB,mss0003_svasthani,TRUE,DSC05453.jpeg
https://shakta-manuscripts.s3.eu-west-2.amazonaws.com/mss0003_svasthani/high_resolution/DSC05454.jpeg,11444971,11.4 MB,mss0003_svasthani,TRUE,DSC05454.jpeg
https://shakta-manuscripts.s3.eu-west-2.amazonaws.com/mss0003_svasthani/high_resolution/DSC05455.jpeg,11070704,11.1 MB,mss0003_svasthani,TRUE,DSC05455.jpeg
https://shakta-manuscripts.s3.eu-west-2.amazonaws.com/mss0003_svasthani/high_resolution/DSC05456.jpeg,10863024,10.9 MB,mss0003_svasthani,TRUE,DSC05456.jpeg
https://shakta-manuscripts.s3.eu-west-2.amazonaws.com/mss0003_svasthani/high_resolution/DSC05457.jpeg,10504177,10.5 MB,mss0003_svasthani,TRUE,DSC05457.jpeg
https://shakta-manuscripts.s3.eu-west-2.amazonaws.com/mss0003_svasthani/high_resolution/DSC05458.jpeg,10801363,10.8 MB,mss0003_svasthani,TRUE,DSC05458.jpeg
https://shakta-manuscripts.s3.eu-west-2.amazonaws.com/mss0003_svasthani/high_resolution/DSC05459.jpeg,10760103,10.8 MB,mss0003_svasthani,TRUE,DSC05459.jpeg
https://shakta-manuscripts.s3.eu-west-2.amazonaws.com/mss0003_svasthani/high_resolution/DSC05460.jpeg,10545353,10.5 MB,mss0003_svasthani,TRUE,DSC05460.jpeg
https://shakta-manuscripts.s3.eu-west-2.amazonaws.com/mss0003_svasthani/high_resolution/DSC05461.jpeg,10424160,10.4 MB,mss0003_svasthani,TRUE,DSC05461.jpeg
https://shakta-manuscripts.s3.eu-west-2.amazonaws.com/mss0003_svasthani/high_resolution/DSC05462.jpeg,10987925,11 MB,mss0003_svasthani,TRUE,DSC05462.jpeg
https://shakta-manuscripts.s3.eu-west-2.amazonaws.com/mss0003_svasthani/high_resolution/DSC05463.jpeg,10746424,10.7 MB,mss0003_svasthani,TRUE,DSC05463.jpeg
https://shakta-manuscripts.s3.eu-west-2.amazonaws.com/mss0003_svasthani/high_resolution/DSC05464.jpeg,10964477,11 MB,mss0003_svasthani,TRUE,DSC05464.jpeg
https://shakta-manuscripts.s3.eu-west-2.amazonaws.com/mss0003_svasthani/high_resolution/DSC05465.jpeg,10928235,10.9 MB,mss0003_svasthani,TRUE,DSC05465.jpeg
https://shakta-manuscripts.s3.eu-west-2.amazonaws.com/mss0003_svasthani/high_resolution/DSC05466.jpeg,11054433,11.1 MB,mss0003_svasthani,TRUE,DSC05466.jpeg
https://shakta-manuscripts.s3.eu-west-2.amazonaws.com/mss0003_svasthani/high_resolution/DSC05467.jpeg,11054388,11.1 MB,mss0003_svasthani,TRUE,DSC05467.jpeg
https://shakta-manuscripts.s3.eu-west-2.amazonaws.com/mss0003_svasthani/high_resolution/DSC05468.jpeg,11060694,11.1 MB,mss0003_svasthani,TRUE,DSC05468.jpeg
https://shakta-manuscripts.s3.eu-west-2.amazonaws.com/mss0003_svasthani/high_resolution/DSC05469.jpeg,11003211,11 MB,mss0003_svasthani,TRUE,DSC05469.jpeg
https://shakta-manuscripts.s3.eu-west-2.amazonaws.com/mss0003_svasthani/high_resolution/DSC05470.jpeg,10820296,10.8 MB,mss0003_svasthani,TRUE,DSC05470.jpeg
https://shakta-manuscripts.s3.eu-west-2.amazonaws.com/mss0003_svasthani/high_resolution/DSC05471.jpeg,11067437,11.1 MB,mss0003_svasthani,TRUE,DSC05471.jpeg
https://shakta-manuscripts.s3.eu-west-2.amazonaws.com/mss0003_svasthani/high_resolution/DSC05472.jpeg,10751946,10.8 MB,mss0003_svasthani,TRUE,DSC05472.jpeg
https://shakta-manuscripts.s3.eu-west-2.amazonaws.com/mss0003_svasthani/high_resolution/DSC05473.jpeg,10957721,11 MB,mss0003_svasthani,TRUE,DSC05473.jpeg
https://shakta-manuscripts.s3.eu-west-2.amazonaws.com/mss0003_svasthani/high_resolution/DSC05474.jpeg,10820574,10.8 MB,mss0003_svasthani,TRUE,DSC05474.jpeg
https://shakta-manuscripts.s3.eu-west-2.amazonaws.com/mss0003_svasthani/high_resolution/DSC05475.jpeg,10769082,10.8 MB,mss0003_svasthani,TRUE,DSC05475.jpeg
https://shakta-manuscripts.s3.eu-west-2.amazonaws.com/mss0003_svasthani/high_resolution/DSC05476.jpeg,10829582,10.8 MB,mss0003_svasthani,TRUE,DSC05476.jpeg
https://shakta-manuscripts.s3.eu-west-2.amazonaws.com/mss0003_svasthani/high_resolution/DSC05477.jpeg,10747160,10.7 MB,mss0003_svasthani,TRUE,DSC05477.jpeg
https://shakta-manuscripts.s3.eu-west-2.amazonaws.com/mss0003_svasthani/high_resolution/DSC05478.jpeg,10874229,10.9 MB,mss0003_svasthani,TRUE,DSC05478.jpeg
https://shakta-manuscripts.s3.eu-west-2.amazonaws.com/mss0003_svasthani/high_resolution/DSC05479.jpeg,10863526,10.9 MB,mss0003_svasthani,TRUE,DSC05479.jpeg
https://shakta-manuscripts.s3.eu-west-2.amazonaws.com/mss0003_svasthani/high_resolution/DSC05480.jpeg,11213374,11.2 MB,mss0003_svasthani,TRUE,DSC05480.jpeg
https://shakta-manuscripts.s3.eu-west-2.amazonaws.com/mss0003_svasthani/high_resolution/DSC05481.jpeg,10747484,10.7 MB,mss0003_svasthani,TRUE,DSC05481.jpeg
https://shakta-manuscripts.s3.eu-west-2.amazonaws.com/mss0003_svasthani/high_resolution/DSC05482.jpeg,10728791,10.7 MB,mss0003_svasthani,TRUE,DSC05482.jpeg
https://shakta-manuscripts.s3.eu-west-2.amazonaws.com/mss0003_svasthani/medium_resolution/DSC05451.jpeg,1417454,1.4 MB,mss0003_svasthani,FALSE,DSC05451.jpeg
https://shakta-manuscripts.s3.eu-west-2.amazonaws.com/mss0003_svasthani/medium_resolution/DSC05452.jpeg,1212406,1.2 MB,mss0003_svasthani,FALSE,DSC05452.jpeg
https://shakta-manuscripts.s3.eu-west-2.amazonaws.com/mss0003_svasthani/medium_resolution/DSC05453.jpeg,1206086,1.2 MB,mss0003_svasthani,FALSE,DSC05453.jpeg
https://shakta-manuscripts.s3.eu-west-2.amazonaws.com/mss0003_svasthani/medium_resolution/DSC05454.jpeg,1376047,1.4 MB,mss0003_svasthani,FALSE,DSC05454.jpeg
https://shakta-manuscripts.s3.eu-west-2.amazonaws.com/mss0003_svasthani/medium_resolution/DSC05455.jpeg,1253096,1.3 MB,mss0003_svasthani,FALSE,DSC05455.jpeg
https://shakta-manuscripts.s3.eu-west-2.amazonaws.com/mss0003_svasthani/medium_resolution/DSC05456.jpeg,1251362,1.3 MB,mss0003_svasthani,FALSE,DSC05456.jpeg
https://shakta-manuscripts.s3.eu-west-2.amazonaws.com/mss0003_svasthani/medium_resolution/DSC05457.jpeg,1159812,1.2 MB,mss0003_svasthani,FALSE,DSC05457.jpeg
https://shakta-manuscripts.s3.eu-west-2.amazonaws.com/mss0003_svasthani/medium_resolution/DSC05458.jpeg,1236266,1.2 MB,mss0003_svasthani,FALSE,DSC05458.jpeg
https://shakta-manuscripts.s3.eu-west-2.amazonaws.com/mss0003_svasthani/medium_resolution/DSC05459.jpeg,1231255,1.2 MB,mss0003_svasthani,FALSE,DSC05459.jpeg
https://shakta-manuscripts.s3.eu-west-2.amazonaws.com/mss0003_svasthani/medium_resolution/DSC05460.jpeg,1190622,1.2 MB,mss0003_svasthani,FALSE,DSC05460.jpeg
https://shakta-manuscripts.s3.eu-west-2.amazonaws.com/mss0003_svasthani/medium_resolution/DSC05461.jpeg,1160802,1.2 MB,mss0003_svasthani,FALSE,DSC05461.jpeg
https://shakta-manuscripts.s3.eu-west-2.amazonaws.com/mss0003_svasthani/medium_resolution/DSC05462.jpeg,1277866,1.3 MB,mss0003_svasthani,FALSE,DSC05462.jpeg
https://shakta-manuscripts.s3.eu-west-2.amazonaws.com/mss0003_svasthani/medium_resolution/DSC05463.jpeg,1233445,1.2 MB,mss0003_svasthani,FALSE,DSC05463.jpeg
https://shakta-manuscripts.s3.eu-west-2.amazonaws.com/mss0003_svasthani/medium_resolution/DSC05464.jpeg,1273374,1.3 MB,mss0003_svasthani,FALSE,DSC05464.jpeg
https://shakta-manuscripts.s3.eu-west-2.amazonaws.com/mss0003_svasthani/medium_resolution/DSC05465.jpeg,1270716,1.3 MB,mss0003_svasthani,FALSE,DSC05465.jpeg
https://shakta-manuscripts.s3.eu-west-2.amazonaws.com/mss0003_svasthani/medium_resolution/DSC05466.jpeg,1240092,1.2 MB,mss0003_svasthani,FALSE,DSC05466.jpeg
https://shakta-manuscripts.s3.eu-west-2.amazonaws.com/mss0003_svasthani/medium_resolution/DSC05467.jpeg,1262140,1.3 MB,mss0003_svasthani,FALSE,DSC05467.jpeg
https://shakta-manuscripts.s3.eu-west-2.amazonaws.com/mss0003_svasthani/medium_resolution/DSC05468.jpeg,1291847,1.3 MB,mss0003_svasthani,FALSE,DSC05468.jpeg
https://shakta-manuscripts.s3.eu-west-2.amazonaws.com/mss0003_svasthani/medium_resolution/DSC05469.jpeg,1281871,1.3 MB,mss0003_svasthani,FALSE,DSC05469.jpeg
https://shakta-manuscripts.s3.eu-west-2.amazonaws.com/mss0003_svasthani/medium_resolution/DSC05470.jpeg,1237512,1.2 MB,mss0003_svasthani,FALSE,DSC05470.jpeg
https://shakta-manuscripts.s3.eu-west-2.amazonaws.com/mss0003_svasthani/medium_resolution/DSC05471.jpeg,1297544,1.3 MB,mss0003_svasthani,FALSE,DSC05471.jpeg
https://shakta-manuscripts.s3.eu-west-2.amazonaws.com/mss0003_svasthani/medium_resolution/DSC05472.jpeg,1217075,1.2 MB,mss0003_svasthani,FALSE,DSC05472.jpeg
https://shakta-manuscripts.s3.eu-west-2.amazonaws.com/mss0003_svasthani/medium_resolution/DSC05473.jpeg,1274760,1.3 MB,mss0003_svasthani,FALSE,DSC05473.jpeg
https://shakta-manuscripts.s3.eu-west-2.amazonaws.com/mss0003_svasthani/medium_resolution/DSC05474.jpeg,1223186,1.2 MB,mss0003_svasthani,FALSE,DSC05474.jpeg
https://shakta-manuscripts.s3.eu-west-2.amazonaws.com/mss0003_svasthani/medium_resolution/DSC05475.jpeg,1229637,1.2 MB,mss0003_svasthani,FALSE,DSC05475.jpeg
https://shakta-manuscripts.s3.eu-west-2.amazonaws.com/mss0003_svasthani/medium_resolution/DSC05476.jpeg,1232838,1.2 MB,mss0003_svasthani,FALSE,DSC05476.jpeg
https://shakta-manuscripts.s3.eu-west-2.amazonaws.com/mss0003_svasthani/medium_resolution/DSC05477.jpeg,1227842,1.2 MB,mss0003_svasthani,FALSE,DSC05477.jpeg
https://shakta-manuscripts.s3.eu-west-2.amazonaws.com/mss0003_svasthani/medium_resolution/DSC05478.jpeg,1232689,1.2 MB,mss0003_svasthani,FALSE,DSC05478.jpeg
https://shakta-manuscripts.s3.eu-west-2.amazonaws.com/mss0003_svasthani/medium_resolution/DSC05479.jpeg,1231892,1.2 MB,mss0003_svasthani,FALSE,DSC05479.jpeg
https://shakta-manuscripts.s3.eu-west-2.amazonaws.com/mss0003_svasthani/medium_resolution/DSC05480.jpeg,1306299,1.3 MB,mss0003_svasthani,FALSE,DSC05480.jpeg
https://shakta-manuscripts.s3.eu-west-2.amazonaws.com/mss0003_svasthani/medium_resolution/DSC05481.jpeg,1218770,1.2 MB,mss0003_svasthani,FALSE,DSC05481.jpeg
https://shakta-manuscripts.s3.eu-west-2.amazonaws.com/mss0003_svasthani/medium_resolution/DSC05482.jpeg,1184960,1.2 MB,mss0003_svasthani,FALSE,DSC05482.jpeg
https://shakta-manuscripts.s3.eu-west-2.amazonaws.com/netratantra/,0,0 B,netratantra,FALSE,netratantra
https://shakta-manuscripts.s3.eu-west-2.amazonaws.com/netratantra/high_resolution/DOC__000.JPG,10573445,10.6 MB,netratantra,TRUE,DOC__000.JPG
https://shakta-manuscripts.s3.eu-west-2.amazonaws.com/netratantra/high_resolution/DOC__001.JPG,10275477,10.3 MB,netratantra,TRUE,DOC__001.JPG
https://shakta-manuscripts.s3.eu-west-2.amazonaws.com/netratantra/high_resolution/DOC__002.JPG,10162186,10.2 MB,netratantra,TRUE,DOC__002.JPG
https://shakta-manuscripts.s3.eu-west-2.amazonaws.com/netratantra/high_resolution/DOC__003.JPG,10298637,10.3 MB,netratantra,TRUE,DOC__003.JPG
https://shakta-manuscripts.s3.eu-west-2.amazonaws.com/netratantra/high_resolution/DOC__004.JPG,10316628,10.3 MB,netratantra,TRUE,DOC__004.JPG
https://shakta-manuscripts.s3.eu-west-2.amazonaws.com/netratantra/high_resolution/DOC__005.JPG,10216815,10.2 MB,netratantra,TRUE,DOC__005.JPG
https://shakta-manuscripts.s3.eu-west-2.amazonaws.com/netratantra/high_resolution/DOC__006.JPG,10315525,10.3 MB,netratantra,TRUE,DOC__006.JPG
https://shakta-manuscripts.s3.eu-west-2.amazonaws.com/netratantra/high_resolution/DOC__007.JPG,10217295,10.2 MB,netratantra,TRUE,DOC__007.JPG
https://shakta-manuscripts.s3.eu-west-2.amazonaws.com/netratantra/high_resolution/DOC__008.JPG,10462046,10.5 MB,netratantra,TRUE,DOC__008.JPG
https://shakta-manuscripts.s3.eu-west-2.amazonaws.com/netratantra/high_resolution/DOC__009.JPG,10124387,10.1 MB,netratantra,TRUE,DOC__009.JPG
https://shakta-manuscripts.s3.eu-west-2.amazonaws.com/netratantra/high_resolution/DOC__010.JPG,10063389,10.1 MB,netratantra,TRUE,DOC__010.JPG
https://shakta-manuscripts.s3.eu-west-2.amazonaws.com/netratantra/high_resolution/DOC__011.JPG,10074395,10.1 MB,netratantra,TRUE,DOC__011.JPG
https://shakta-manuscripts.s3.eu-west-2.amazonaws.com/netratantra/high_resolution/DOC__012.JPG,9964460,10 MB,netratantra,TRUE,DOC__012.JPG
https://shakta-manuscripts.s3.eu-west-2.amazonaws.com/netratantra/high_resolution/DOC__013.JPG,10120207,10.1 MB,netratantra,TRUE,DOC__013.JPG
https://shakta-manuscripts.s3.eu-west-2.amazonaws.com/netratantra/high_resolution/DOC__014.JPG,10056523,10.1 MB,netratantra,TRUE,DOC__014.JPG
https://shakta-manuscripts.s3.eu-west-2.amazonaws.com/netratantra/high_resolution/DOC__015.JPG,9972434,10 MB,netratantra,TRUE,DOC__015.JPG
https://shakta-manuscripts.s3.eu-west-2.amazonaws.com/netratantra/high_resolution/DOC__016.JPG,10154260,10.2 MB,netratantra,TRUE,DOC__016.JPG
https://shakta-manuscripts.s3.eu-west-2.amazonaws.com/netratantra/high_resolution/DOC__017.JPG,10214135,10.2 MB,netratantra,TRUE,DOC__017.JPG
https://shakta-manuscripts.s3.eu-west-2.amazonaws.com/netratantra/high_resolution/DOC__018.JPG,10094861,10.1 MB,netratantra,TRUE,DOC__018.JPG
https://shakta-manuscripts.s3.eu-west-2.amazonaws.com/netratantra/high_resolution/DOC__019.JPG,9926335,9.9 MB,netratantra,TRUE,DOC__019.JPG
https://shakta-manuscripts.s3.eu-west-2.amazonaws.com/netratantra/high_resolution/DOC__020.JPG,10161372,10.2 MB,netratantra,TRUE,DOC__020.JPG
https://shakta-manuscripts.s3.eu-west-2.amazonaws.com/netratantra/high_resolution/DOC__021.JPG,10187554,10.2 MB,netratantra,TRUE,DOC__021.JPG
https://shakta-manuscripts.s3.eu-west-2.amazonaws.com/netratantra/high_resolution/DOC__022.JPG,10104783,10.1 MB,netratantra,TRUE,DOC__022.JPG
https://shakta-manuscripts.s3.eu-west-2.amazonaws.com/netratantra/high_resolution/DOC__023.JPG,10314231,10.3 MB,netratantra,TRUE,DOC__023.JPG
https://shakta-manuscripts.s3.eu-west-2.amazonaws.com/netratantra/high_resolution/DOC__024.JPG,10482627,10.5 MB,netratantra,TRUE,DOC__024.JPG
https://shakta-manuscripts.s3.eu-west-2.amazonaws.com/netratantra/high_resolution/DOC__025.JPG,10235598,10.2 MB,netratantra,TRUE,DOC__025.JPG
https://shakta-manuscripts.s3.eu-west-2.amazonaws.com/netratantra/high_resolution/DOC__026.JPG,10286208,10.3 MB,netratantra,TRUE,DOC__026.JPG
https://shakta-manuscripts.s3.eu-west-2.amazonaws.com/netratantra/high_resolution/DOC__027.JPG,10297280,10.3 MB,netratantra,TRUE,DOC__027.JPG
https://shakta-manuscripts.s3.eu-west-2.amazonaws.com/netratantra/high_resolution/DOC__028.JPG,10196214,10.2 MB,netratantra,TRUE,DOC__028.JPG
https://shakta-manuscripts.s3.eu-west-2.amazonaws.com/netratantra/high_resolution/DOC__029.JPG,10213332,10.2 MB,netratantra,TRUE,DOC__029.JPG
https://shakta-manuscripts.s3.eu-west-2.amazonaws.com/netratantra/high_resolution/DOC__030.JPG,10232745,10.2 MB,netratantra,TRUE,DOC__030.JPG
https://shakta-manuscripts.s3.eu-west-2.amazonaws.com/netratantra/high_resolution/DOC__031.JPG,10248731,10.2 MB,netratantra,TRUE,DOC__031.JPG
https://shakta-manuscripts.s3.eu-west-2.amazonaws.com/netratantra/high_resolution/DOC__032.JPG,10137173,10.1 MB,netratantra,TRUE,DOC__032.JPG
https://shakta-manuscripts.s3.eu-west-2.amazonaws.com/netratantra/high_resolution/DOC__033.JPG,10241944,10.2 MB,netratantra,TRUE,DOC__033.JPG
https://shakta-manuscripts.s3.eu-west-2.amazonaws.com/netratantra/high_resolution/DOC__034.JPG,10119956,10.1 MB,netratantra,TRUE,DOC__034.JPG
https://shakta-manuscripts.s3.eu-west-2.amazonaws.com/netratantra/high_resolution/DOC__035.JPG,10114694,10.1 MB,netratantra,TRUE,DOC__035.JPG
https://shakta-manuscripts.s3.eu-west-2.amazonaws.com/netratantra/high_resolution/DOC__036.JPG,9918359,9.9 MB,netratantra,TRUE,DOC__036.JPG
https://shakta-manuscripts.s3.eu-west-2.amazonaws.com/netratantra/high_resolution/DOC__037.JPG,10143072,10.1 MB,netratantra,TRUE,DOC__037.JPG
https://shakta-manuscripts.s3.eu-west-2.amazonaws.com/netratantra/high_resolution/DOC__038.JPG,10216202,10.2 MB,netratantra,TRUE,DOC__038.JPG
https://shakta-manuscripts.s3.eu-west-2.amazonaws.com/netratantra/high_resolution/DOC__039.JPG,10298471,10.3 MB,netratantra,TRUE,DOC__039.JPG
https://shakta-manuscripts.s3.eu-west-2.amazonaws.com/netratantra/high_resolution/DOC__040.JPG,10019579,10 MB,netratantra,TRUE,DOC__040.JPG
https://shakta-manuscripts.s3.eu-west-2.amazonaws.com/netratantra/high_resolution/DOC__041.JPG,9992961,10 MB,netratantra,TRUE,DOC__041.JPG
https://shakta-manuscripts.s3.eu-west-2.amazonaws.com/netratantra/high_resolution/DOC__042.JPG,9983894,10 MB,netratantra,TRUE,DOC__042.JPG
https://shakta-manuscripts.s3.eu-west-2.amazonaws.com/netratantra/high_resolution/DOC__043.JPG,10173187,10.2 MB,netratantra,TRUE,DOC__043.JPG
https://shakta-manuscripts.s3.eu-west-2.amazonaws.com/netratantra/high_resolution/DOC__044.JPG,10157770,10.2 MB,netratantra,TRUE,DOC__044.JPG
https://shakta-manuscripts.s3.eu-west-2.amazonaws.com/netratantra/high_resolution/DOC__045.JPG,9863709,9.9 MB,netratantra,TRUE,DOC__045.JPG
https://shakta-manuscripts.s3.eu-west-2.amazonaws.com/netratantra/high_resolution/DOC__046.JPG,10008774,10 MB,netratantra,TRUE,DOC__046.JPG
https://shakta-manuscripts.s3.eu-west-2.amazonaws.com/netratantra/high_resolution/DOC__047.JPG,10170271,10.2 MB,netratantra,TRUE,DOC__047.JPG
https://shakta-manuscripts.s3.eu-west-2.amazonaws.com/netratantra/high_resolution/DOC__048.JPG,10165690,10.2 MB,netratantra,TRUE,DOC__048.JPG
https://shakta-manuscripts.s3.eu-west-2.amazonaws.com/netratantra/high_resolution/DOC__049.JPG,10151579,10.2 MB,netratantra,TRUE,DOC__049.JPG
https://shakta-manuscripts.s3.eu-west-2.amazonaws.com/netratantra/high_resolution/DOC__050.JPG,10333113,10.3 MB,netratantra,TRUE,DOC__050.JPG
https://shakta-manuscripts.s3.eu-west-2.amazonaws.com/netratantra/high_resolution/DOC__051.JPG,10432057,10.4 MB,netratantra,TRUE,DOC__051.JPG
https://shakta-manuscripts.s3.eu-west-2.amazonaws.com/netratantra/high_resolution/DOC__052.JPG,10198700,10.2 MB,netratantra,TRUE,DOC__052.JPG
https://shakta-manuscripts.s3.eu-west-2.amazonaws.com/netratantra/high_resolution/DOC__053.JPG,10062983,10.1 MB,netratantra,TRUE,DOC__053.JPG
https://shakta-manuscripts.s3.eu-west-2.amazonaws.com/netratantra/high_resolution/DOC__054.JPG,10248167,10.2 MB,netratantra,TRUE,DOC__054.JPG
https://shakta-manuscripts.s3.eu-west-2.amazonaws.com/netratantra/high_resolution/DOC__055.JPG,10276483,10.3 MB,netratantra,TRUE,DOC__055.JPG
https://shakta-manuscripts.s3.eu-west-2.amazonaws.com/netratantra/high_resolution/DOC__056.JPG,10248807,10.2 MB,netratantra,TRUE,DOC__056.JPG
https://shakta-manuscripts.s3.eu-west-2.amazonaws.com/netratantra/high_resolution/DOC__057.JPG,10356257,10.4 MB,netratantra,TRUE,DOC__057.JPG
https://shakta-manuscripts.s3.eu-west-2.amazonaws.com/netratantra/high_resolution/DOC__058.JPG,10237265,10.2 MB,netratantra,TRUE,DOC__058.JPG
https://shakta-manuscripts.s3.eu-west-2.amazonaws.com/netratantra/high_resolution/DOC__059.JPG,9928596,9.9 MB,netratantra,TRUE,DOC__059.JPG
https://shakta-manuscripts.s3.eu-west-2.amazonaws.com/netratantra/high_resolution/DOC__060.JPG,10128593,10.1 MB,netratantra,TRUE,DOC__060.JPG
https://shakta-manuscripts.s3.eu-west-2.amazonaws.com/netratantra/high_resolution/DOC__061.JPG,10284724,10.3 MB,netratantra,TRUE,DOC__061.JPG
https://shakta-manuscripts.s3.eu-west-2.amazonaws.com/netratantra/high_resolution/DOC__062.JPG,10258875,10.3 MB,netratantra,TRUE,DOC__062.JPG
https://shakta-manuscripts.s3.eu-west-2.amazonaws.com/netratantra/high_resolution/DOC__063.JPG,10246725,10.2 MB,netratantra,TRUE,DOC__063.JPG
https://shakta-manuscripts.s3.eu-west-2.amazonaws.com/netratantra/high_resolution/DOC__064.JPG,10248740,10.2 MB,netratantra,TRUE,DOC__064.JPG
https://shakta-manuscripts.s3.eu-west-2.amazonaws.com/netratantra/high_resolution/DOC__065.JPG,10343442,10.3 MB,netratantra,TRUE,DOC__065.JPG
https://shakta-manuscripts.s3.eu-west-2.amazonaws.com/netratantra/high_resolution/DOC__066.JPG,10163692,10.2 MB,netratantra,TRUE,DOC__066.JPG
https://shakta-manuscripts.s3.eu-west-2.amazonaws.com/netratantra/high_resolution/DOC__067.JPG,10241904,10.2 MB,netratantra,TRUE,DOC__067.JPG
https://shakta-manuscripts.s3.eu-west-2.amazonaws.com/netratantra/high_resolution/DOC__068.JPG,10338177,10.3 MB,netratantra,TRUE,DOC__068.JPG
https://shakta-manuscripts.s3.eu-west-2.amazonaws.com/netratantra/high_resolution/DOC__069.JPG,10344980,10.3 MB,netratantra,TRUE,DOC__069.JPG
https://shakta-manuscripts.s3.eu-west-2.amazonaws.com/netratantra/high_resolution/DOC__070.JPG,10293509,10.3 MB,netratantra,TRUE,DOC__070.JPG
https://shakta-manuscripts.s3.eu-west-2.amazonaws.com/netratantra/high_resolution/DOC__071.JPG,10303860,10.3 MB,netratantra,TRUE,DOC__071.JPG
https://shakta-manuscripts.s3.eu-west-2.amazonaws.com/netratantra/high_resolution/DOC__072.JPG,10521374,10.5 MB,netratantra,TRUE,DOC__072.JPG
https://shakta-manuscripts.s3.eu-west-2.amazonaws.com/netratantra/high_resolution/DOC__073.JPG,10509386,10.5 MB,netratantra,TRUE,DOC__073.JPG
https://shakta-manuscripts.s3.eu-west-2.amazonaws.com/netratantra/high_resolution/DOC__074.JPG,10316256,10.3 MB,netratantra,TRUE,DOC__074.JPG
https://shakta-manuscripts.s3.eu-west-2.amazonaws.com/netratantra/high_resolution/DOC__075.JPG,10247388,10.2 MB,netratantra,TRUE,DOC__075.JPG
https://shakta-manuscripts.s3.eu-west-2.amazonaws.com/netratantra/high_resolution/DOC__076.JPG,10092469,10.1 MB,netratantra,TRUE,DOC__076.JPG
https://shakta-manuscripts.s3.eu-west-2.amazonaws.com/netratantra/high_resolution/DOC__077.JPG,10267475,10.3 MB,netratantra,TRUE,DOC__077.JPG
https://shakta-manuscripts.s3.eu-west-2.amazonaws.com/netratantra/high_resolution/DOC__078.JPG,10383480,10.4 MB,netratantra,TRUE,DOC__078.JPG
https://shakta-manuscripts.s3.eu-west-2.amazonaws.com/netratantra/high_resolution/DOC__079.JPG,10449161,10.4 MB,netratantra,TRUE,DOC__079.JPG
https://shakta-manuscripts.s3.eu-west-2.amazonaws.com/netratantra/high_resolution/DOC__080.JPG,10517536,10.5 MB,netratantra,TRUE,DOC__080.JPG
https://shakta-manuscripts.s3.eu-west-2.amazonaws.com/netratantra/high_resolution/DOC__081.JPG,10412364,10.4 MB,netratantra,TRUE,DOC__081.JPG
https://shakta-manuscripts.s3.eu-west-2.amazonaws.com/netratantra/high_resolution/DOC__082.JPG,10587469,10.6 MB,netratantra,TRUE,DOC__082.JPG
https://shakta-manuscripts.s3.eu-west-2.amazonaws.com/netratantra/high_resolution/DOC__083.JPG,10527062,10.5 MB,netratantra,TRUE,DOC__083.JPG
https://shakta-manuscripts.s3.eu-west-2.amazonaws.com/netratantra/high_resolution/DOC__084.JPG,10390839,10.4 MB,netratantra,TRUE,DOC__084.JPG
https://shakta-manuscripts.s3.eu-west-2.amazonaws.com/netratantra/high_resolution/DOC__085.JPG,10400649,10.4 MB,netratantra,TRUE,DOC__085.JPG
https://shakta-manuscripts.s3.eu-west-2.amazonaws.com/netratantra/high_resolution/DOC__086.JPG,10624483,10.6 MB,netratantra,TRUE,DOC__086.JPG
https://shakta-manuscripts.s3.eu-west-2.amazonaws.com/netratantra/high_resolution/DOC__087.JPG,10466856,10.5 MB,netratantra,TRUE,DOC__087.JPG
https://shakta-manuscripts.s3.eu-west-2.amazonaws.com/netratantra/high_resolution/DOC__088.JPG,9852076,9.9 MB,netratantra,TRUE,DOC__088.JPG
https://shakta-manuscripts.s3.eu-west-2.amazonaws.com/netratantra/medium_resolution/DOC__000.JPG,536367,536.4 KB,netratantra,FALSE,DOC__000.JPG
https://shakta-manuscripts.s3.eu-west-2.amazonaws.com/netratantra/medium_resolution/DOC__001.JPG,524063,524.1 KB,netratantra,FALSE,DOC__001.JPG
https://shakta-manuscripts.s3.eu-west-2.amazonaws.com/netratantra/medium_resolution/DOC__002.JPG,516103,516.1 KB,netratantra,FALSE,DOC__002.JPG
https://shakta-manuscripts.s3.eu-west-2.amazonaws.com/netratantra/medium_resolution/DOC__003.JPG,531530,531.5 KB,netratantra,FALSE,DOC__003.JPG
https://shakta-manuscripts.s3.eu-west-2.amazonaws.com/netratantra/medium_resolution/DOC__004.JPG,530533,530.5 KB,netratantra,FALSE,DOC__004.JPG
https://shakta-manuscripts.s3.eu-west-2.amazonaws.com/netratantra/medium_resolution/DOC__005.JPG,516156,516.2 KB,netratantra,FALSE,DOC__005.JPG
https://shakta-manuscripts.s3.eu-west-2.amazonaws.com/netratantra/medium_resolution/DOC__006.JPG,520747,520.7 KB,netratantra,FALSE,DOC__006.JPG
https://shakta-manuscripts.s3.eu-west-2.amazonaws.com/netratantra/medium_resolution/DOC__007.JPG,518670,518.7 KB,netratantra,FALSE,DOC__007.JPG
https://shakta-manuscripts.s3.eu-west-2.amazonaws.com/netratantra/medium_resolution/DOC__008.JPG,527119,527.1 KB,netratantra,FALSE,DOC__008.JPG
https://shakta-manuscripts.s3.eu-west-2.amazonaws.com/netratantra/medium_resolution/DOC__009.JPG,507900,507.9 KB,netratantra,FALSE,DOC__009.JPG
https://shakta-manuscripts.s3.eu-west-2.amazonaws.com/netratantra/medium_resolution/DOC__010.JPG,526274,526.3 KB,netratantra,FALSE,DOC__010.JPG
https://shakta-manuscripts.s3.eu-west-2.amazonaws.com/netratantra/medium_resolution/DOC__011.JPG,510696,510.7 KB,netratantra,FALSE,DOC__011.JPG
https://shakta-manuscripts.s3.eu-west-2.amazonaws.com/netratantra/medium_resolution/DOC__012.JPG,505127,505.1 KB,netratantra,FALSE,DOC__012.JPG
https://shakta-manuscripts.s3.eu-west-2.amazonaws.com/netratantra/medium_resolution/DOC__013.JPG,491041,491 KB,netratantra,FALSE,DOC__013.JPG
https://shakta-manuscripts.s3.eu-west-2.amazonaws.com/netratantra/medium_resolution/DOC__014.JPG,516171,516.2 KB,netratantra,FALSE,DOC__014.JPG
https://shakta-manuscripts.s3.eu-west-2.amazonaws.com/netratantra/medium_resolution/DOC__015.JPG,501796,501.8 KB,netratantra,FALSE,DOC__015.JPG
https://shakta-manuscripts.s3.eu-west-2.amazonaws.com/netratantra/medium_resolution/DOC__016.JPG,523340,523.3 KB,netratantra,FALSE,DOC__016.JPG
https://shakta-manuscripts.s3.eu-west-2.amazonaws.com/netratantra/medium_resolution/DOC__017.JPG,529826,529.8 KB,netratantra,FALSE,DOC__017.JPG
https://shakta-manuscripts.s3.eu-west-2.amazonaws.com/netratantra/medium_resolution/DOC__018.JPG,494036,494 KB,netratantra,FALSE,DOC__018.JPG
https://shakta-manuscripts.s3.eu-west-2.amazonaws.com/netratantra/medium_resolution/DOC__019.JPG,498983,499 KB,netratantra,FALSE,DOC__019.JPG
https://shakta-manuscripts.s3.eu-west-2.amazonaws.com/netratantra/medium_resolution/DOC__020.JPG,509250,509.2 KB,netratantra,FALSE,DOC__020.JPG
https://shakta-manuscripts.s3.eu-west-2.amazonaws.com/netratantra/medium_resolution/DOC__021.JPG,526481,526.5 KB,netratantra,FALSE,DOC__021.JPG
https://shakta-manuscripts.s3.eu-west-2.amazonaws.com/netratantra/medium_resolution/DOC__022.JPG,512269,512.3 KB,netratantra,FALSE,DOC__022.JPG
https://shakta-manuscripts.s3.eu-west-2.amazonaws.com/netratantra/medium_resolution/DOC__023.JPG,517507,517.5 KB,netratantra,FALSE,DOC__023.JPG
https://shakta-manuscripts.s3.eu-west-2.amazonaws.com/netratantra/medium_resolution/DOC__024.JPG,510212,510.2 KB,netratantra,FALSE,DOC__024.JPG
https://shakta-manuscripts.s3.eu-west-2.amazonaws.com/netratantra/medium_resolution/DOC__025.JPG,513014,513 KB,netratantra,FALSE,DOC__025.JPG
https://shakta-manuscripts.s3.eu-west-2.amazonaws.com/netratantra/medium_resolution/DOC__026.JPG,525525,525.5 KB,netratantra,FALSE,DOC__026.JPG
https://shakta-manuscripts.s3.eu-west-2.amazonaws.com/netratantra/medium_resolution/DOC__027.JPG,533994,534 KB,netratantra,FALSE,DOC__027.JPG
https://shakta-manuscripts.s3.eu-west-2.amazonaws.com/netratantra/medium_resolution/DOC__028.JPG,509506,509.5 KB,netratantra,FALSE,DOC__028.JPG
https://shakta-manuscripts.s3.eu-west-2.amazonaws.com/netratantra/medium_resolution/DOC__029.JPG,536524,536.5 KB,netratantra,FALSE,DOC__029.JPG
https://shakta-manuscripts.s3.eu-west-2.amazonaws.com/netratantra/medium_resolution/DOC__030.JPG,518992,519 KB,netratantra,FALSE,DOC__030.JPG
https://shakta-manuscripts.s3.eu-west-2.amazonaws.com/netratantra/medium_resolution/DOC__031.JPG,518515,518.5 KB,netratantra,FALSE,DOC__031.JPG
https://shakta-manuscripts.s3.eu-west-2.amazonaws.com/netratantra/medium_resolution/DOC__032.JPG,522149,522.1 KB,netratantra,FALSE,DOC__032.JPG
https://shakta-manuscripts.s3.eu-west-2.amazonaws.com/netratantra/medium_resolution/DOC__033.JPG,526983,527 KB,netratantra,FALSE,DOC__033.JPG
https://shakta-manuscripts.s3.eu-west-2.amazonaws.com/netratantra/medium_resolution/DOC__034.JPG,514705,514.7 KB,netratantra,FALSE,DOC__034.JPG
https://shakta-manuscripts.s3.eu-west-2.amazonaws.com/netratantra/medium_resolution/DOC__035.JPG,483961,484 KB,netratantra,FALSE,DOC__035.JPG
https://shakta-manuscripts.s3.eu-west-2.amazonaws.com/netratantra/medium_resolution/DOC__036.JPG,481443,481.4 KB,netratantra,FALSE,DOC__036.JPG
https://shakta-manuscripts.s3.eu-west-2.amazonaws.com/netratantra/medium_resolution/DOC__037.JPG,502466,502.5 KB,netratantra,FALSE,DOC__037.JPG
https://shakta-manuscripts.s3.eu-west-2.amazonaws.com/netratantra/medium_resolution/DOC__038.JPG,524393,524.4 KB,netratantra,FALSE,DOC__038.JPG
https://shakta-manuscripts.s3.eu-west-2.amazonaws.com/netratantra/medium_resolution/DOC__039.JPG,523999,524 KB,netratantra,FALSE,DOC__039.JPG
https://shakta-manuscripts.s3.eu-west-2.amazonaws.com/netratantra/medium_resolution/DOC__040.JPG,503648,503.6 KB,netratantra,FALSE,DOC__040.JPG
https://shakta-manuscripts.s3.eu-west-2.amazonaws.com/netratantra/medium_resolution/DOC__041.JPG,497407,497.4 KB,netratantra,FALSE,DOC__041.JPG
https://shakta-manuscripts.s3.eu-west-2.amazonaws.com/netratantra/medium_resolution/DOC__042.JPG,509579,509.6 KB,netratantra,FALSE,DOC__042.JPG
https://shakta-manuscripts.s3.eu-west-2.amazonaws.com/netratantra/medium_resolution/DOC__043.JPG,503763,503.8 KB,netratantra,FALSE,DOC__043.JPG
https://shakta-manuscripts.s3.eu-west-2.amazonaws.com/netratantra/medium_resolution/DOC__044.JPG,517501,517.5 KB,netratantra,FALSE,DOC__044.JPG
https://shakta-manuscripts.s3.eu-west-2.amazonaws.com/netratantra/medium_resolution/DOC__045.JPG,499715,499.7 KB,netratantra,FALSE,DOC__045.JPG
https://shakta-manuscripts.s3.eu-west-2.amazonaws.com/netratantra/medium_resolution/DOC__046.JPG,472394,472.4 KB,netratantra,FALSE,DOC__046.JPG
https://shakta-manuscripts.s3.eu-west-2.amazonaws.com/netratantra/medium_resolution/DOC__047.JPG,517223,517.2 KB,netratantra,FALSE,DOC__047.JPG
https://shakta-manuscripts.s3.eu-west-2.amazonaws.com/netratantra/medium_resolution/DOC__048.JPG,518338,518.3 KB,netratantra,FALSE,DOC__048.JPG
https://shakta-manuscripts.s3.eu-west-2.amazonaws.com/netratantra/medium_resolution/DOC__049.JPG,506988,507 KB,netratantra,FALSE,DOC__049.JPG
https://shakta-manuscripts.s3.eu-west-2.amazonaws.com/netratantra/medium_resolution/DOC__050.JPG,530414,530.4 KB,netratantra,FALSE,DOC__050.JPG
https://shakta-manuscripts.s3.eu-west-2.amazonaws.com/netratantra/medium_resolution/DOC__051.JPG,543327,543.3 KB,netratantra,FALSE,DOC__051.JPG
https://shakta-manuscripts.s3.eu-west-2.amazonaws.com/netratantra/medium_resolution/DOC__052.JPG,508912,508.9 KB,netratantra,FALSE,DOC__052.JPG
https://shakta-manuscripts.s3.eu-west-2.amazonaws.com/netratantra/medium_resolution/DOC__053.JPG,489548,489.5 KB,netratantra,FALSE,DOC__053.JPG
https://shakta-manuscripts.s3.eu-west-2.amazonaws.com/netratantra/medium_resolution/DOC__054.JPG,524685,524.7 KB,netratantra,FALSE,DOC__054.JPG
https://shakta-manuscripts.s3.eu-west-2.amazonaws.com/netratantra/medium_resolution/DOC__055.JPG,524367,524.4 KB,netratantra,FALSE,DOC__055.JPG
https://shakta-manuscripts.s3.eu-west-2.amazonaws.com/netratantra/medium_resolution/DOC__056.JPG,521229,521.2 KB,netratantra,FALSE,DOC__056.JPG
https://shakta-manuscripts.s3.eu-west-2.amazonaws.com/netratantra/medium_resolution/DOC__057.JPG,530360,530.4 KB,netratantra,FALSE,DOC__057.JPG
https://shakta-manuscripts.s3.eu-west-2.amazonaws.com/netratantra/medium_resolution/DOC__058.JPG,528931,528.9 KB,netratantra,FALSE,DOC__058.JPG
https://shakta-manuscripts.s3.eu-west-2.amazonaws.com/netratantra/medium_resolution/DOC__059.JPG,494686,494.7 KB,netratantra,FALSE,DOC__059.JPG
https://shakta-manuscripts.s3.eu-west-2.amazonaws.com/netratantra/medium_resolution/DOC__060.JPG,510568,510.6 KB,netratantra,FALSE,DOC__060.JPG
https://shakta-manuscripts.s3.eu-west-2.amazonaws.com/netratantra/medium_resolution/DOC__061.JPG,525585,525.6 KB,netratantra,FALSE,DOC__061.JPG
https://shakta-manuscripts.s3.eu-west-2.amazonaws.com/netratantra/medium_resolution/DOC__062.JPG,529244,529.2 KB,netratantra,FALSE,DOC__062.JPG
https://shakta-manuscripts.s3.eu-west-2.amazonaws.com/netratantra/medium_resolution/DOC__063.JPG,497148,497.1 KB,netratantra,FALSE,DOC__063.JPG
https://shakta-manuscripts.s3.eu-west-2.amazonaws.com/netratantra/medium_resolution/DOC__064.JPG,531415,531.4 KB,netratantra,FALSE,DOC__064.JPG
https://shakta-manuscripts.s3.eu-west-2.amazonaws.com/netratantra/medium_resolution/DOC__065.JPG,528941,528.9 KB,netratantra,FALSE,DOC__065.JPG
https://shakta-manuscripts.s3.eu-west-2.amazonaws.com/netratantra/medium_resolution/DOC__066.JPG,524145,524.1 KB,netratantra,FALSE,DOC__066.JPG
https://shakta-manuscripts.s3.eu-west-2.amazonaws.com/netratantra/medium_resolution/DOC__067.JPG,527930,527.9 KB,netratantra,FALSE,DOC__067.JPG
https://shakta-manuscripts.s3.eu-west-2.amazonaws.com/netratantra/medium_resolution/DOC__068.JPG,520939,520.9 KB,netratantra,FALSE,DOC__068.JPG
https://shakta-manuscripts.s3.eu-west-2.amazonaws.com/netratantra/medium_resolution/DOC__069.JPG,536796,536.8 KB,netratantra,FALSE,DOC__069.JPG
https://shakta-manuscripts.s3.eu-west-2.amazonaws.com/netratantra/medium_resolution/DOC__070.JPG,526326,526.3 KB,netratantra,FALSE,DOC__070.JPG
https://shakta-manuscripts.s3.eu-west-2.amazonaws.com/netratantra/medium_resolution/DOC__071.JPG,522730,522.7 KB,netratantra,FALSE,DOC__071.JPG
https://shakta-manuscripts.s3.eu-west-2.amazonaws.com/netratantra/medium_resolution/DOC__072.JPG,537597,537.6 KB,netratantra,FALSE,DOC__072.JPG
https://shakta-manuscripts.s3.eu-west-2.amazonaws.com/netratantra/medium_resolution/DOC__073.JPG,545669,545.7 KB,netratantra,FALSE,DOC__073.JPG
https://shakta-manuscripts.s3.eu-west-2.amazonaws.com/netratantra/medium_resolution/DOC__074.JPG,530905,530.9 KB,netratantra,FALSE,DOC__074.JPG
https://shakta-manuscripts.s3.eu-west-2.amazonaws.com/netratantra/medium_resolution/DOC__075.JPG,503784,503.8 KB,netratantra,FALSE,DOC__075.JPG
https://shakta-manuscripts.s3.eu-west-2.amazonaws.com/netratantra/medium_resolution/DOC__076.JPG,486772,486.8 KB,netratantra,FALSE,DOC__076.JPG
https://shakta-manuscripts.s3.eu-west-2.amazonaws.com/netratantra/medium_resolution/DOC__077.JPG,515097,515.1 KB,netratantra,FALSE,DOC__077.JPG
https://shakta-manuscripts.s3.eu-west-2.amazonaws.com/netratantra/medium_resolution/DOC__078.JPG,525420,525.4 KB,netratantra,FALSE,DOC__078.JPG
https://shakta-manuscripts.s3.eu-west-2.amazonaws.com/netratantra/medium_resolution/DOC__079.JPG,533017,533 KB,netratantra,FALSE,DOC__079.JPG
https://shakta-manuscripts.s3.eu-west-2.amazonaws.com/netratantra/medium_resolution/DOC__080.JPG,538786,538.8 KB,netratantra,FALSE,DOC__080.JPG
https://shakta-manuscripts.s3.eu-west-2.amazonaws.com/netratantra/medium_resolution/DOC__081.JPG,528487,528.5 KB,netratantra,FALSE,DOC__081.JPG
https://shakta-manuscripts.s3.eu-west-2.amazonaws.com/netratantra/medium_resolution/DOC__082.JPG,538008,538 KB,netratantra,FALSE,DOC__082.JPG
https://shakta-manuscripts.s3.eu-west-2.amazonaws.com/netratantra/medium_resolution/DOC__083.JPG,535783,535.8 KB,netratantra,FALSE,DOC__083.JPG
https://shakta-manuscripts.s3.eu-west-2.amazonaws.com/netratantra/medium_resolution/DOC__084.JPG,533034,533 KB,netratantra,FALSE,DOC__084.JPG
https://shakta-manuscripts.s3.eu-west-2.amazonaws.com/netratantra/medium_resolution/DOC__085.JPG,529838,529.8 KB,netratantra,FALSE,DOC__085.JPG
https://shakta-manuscripts.s3.eu-west-2.amazonaws.com/netratantra/medium_resolution/DOC__086.JPG,516025,516 KB,netratantra,FALSE,DOC__086.JPG
https://shakta-manuscripts.s3.eu-west-2.amazonaws.com/netratantra/medium_resolution/DOC__087.JPG,526196,526.2 KB,netratantra,FALSE,DOC__087.JPG
https://shakta-manuscripts.s3.eu-west-2.amazonaws.com/netratantra/medium_resolution/DOC__088.JPG,444347,444.3 KB,netratantra,FALSE,DOC__088.JPG
https://shakta-manuscripts.s3.eu-west-2.amazonaws.com/ochs0010_palm-leaf/high_resolution/DSC05005.jpeg,9752304,9.8 MB,ochs0010_palm-leaf,TRUE,DSC05005.jpeg
https://shakta-manuscripts.s3.eu-west-2.amazonaws.com/ochs0010_palm-leaf/high_resolution/DSC05007.jpeg,9622083,9.6 MB,ochs0010_palm-leaf,TRUE,DSC05007.jpeg
https://shakta-manuscripts.s3.eu-west-2.amazonaws.com/ochs0010_palm-leaf/high_resolution/DSC05008.jpeg,11384408,11.4 MB,ochs0010_palm-leaf,TRUE,DSC05008.jpeg
https://shakta-manuscripts.s3.eu-west-2.amazonaws.com/ochs0010_palm-leaf/high_resolution/DSC05009.jpeg,11337185,11.3 MB,ochs0010_palm-leaf,TRUE,DSC05009.jpeg
https://shakta-manuscripts.s3.eu-west-2.amazonaws.com/ochs0010_palm-leaf/high_resolution/DSC05010.jpeg,11173601,11.2 MB,ochs0010_palm-leaf,TRUE,DSC05010.jpeg
https://shakta-manuscripts.s3.eu-west-2.amazonaws.com/ochs0010_palm-leaf/high_resolution/DSC05011.jpeg,11318435,11.3 MB,ochs0010_palm-leaf,TRUE,DSC05011.jpeg
https://shakta-manuscripts.s3.eu-west-2.amazonaws.com/ochs0010_palm-leaf/high_resolution/DSC05012.jpeg,11125572,11.1 MB,ochs0010_palm-leaf,TRUE,DSC05012.jpeg
https://shakta-manuscripts.s3.eu-west-2.amazonaws.com/ochs0010_palm-leaf/high_resolution/DSC05013.jpeg,11060325,11.1 MB,ochs0010_palm-leaf,TRUE,DSC05013.jpeg
https://shakta-manuscripts.s3.eu-west-2.amazonaws.com/ochs0010_palm-leaf/high_resolution/DSC05014.jpeg,10856070,10.9 MB,ochs0010_palm-leaf,TRUE,DSC05014.jpeg
https://shakta-manuscripts.s3.eu-west-2.amazonaws.com/ochs0010_palm-leaf/high_resolution/DSC05015.jpeg,11009000,11 MB,ochs0010_palm-leaf,TRUE,DSC05015.jpeg
https://shakta-manuscripts.s3.eu-west-2.amazonaws.com/ochs0010_palm-leaf/high_resolution/DSC05016.jpeg,11044163,11 MB,ochs0010_palm-leaf,TRUE,DSC05016.jpeg
https://shakta-manuscripts.s3.eu-west-2.amazonaws.com/ochs0010_palm-leaf/high_resolution/DSC05017.jpeg,11118880,11.1 MB,ochs0010_palm-leaf,TRUE,DSC05017.jpeg
https://shakta-manuscripts.s3.eu-west-2.amazonaws.com/ochs0010_palm-leaf/high_resolution/DSC05018.jpeg,10974397,11 MB,ochs0010_palm-leaf,TRUE,DSC05018.jpeg
https://shakta-manuscripts.s3.eu-west-2.amazonaws.com/ochs0010_palm-leaf/high_resolution/DSC05019.jpeg,10897071,10.9 MB,ochs0010_palm-leaf,TRUE,DSC05019.jpeg
https://shakta-manuscripts.s3.eu-west-2.amazonaws.com/ochs0010_palm-leaf/high_resolution/DSC05020.jpeg,11013070,11 MB,ochs0010_palm-leaf,TRUE,DSC05020.jpeg
https://shakta-manuscripts.s3.eu-west-2.amazonaws.com/ochs0010_palm-leaf/high_resolution/DSC05021.jpeg,10737833,10.7 MB,ochs0010_palm-leaf,TRUE,DSC05021.jpeg
https://shakta-manuscripts.s3.eu-west-2.amazonaws.com/ochs0010_palm-leaf/high_resolution/DSC05022.jpeg,11095772,11.1 MB,ochs0010_palm-leaf,TRUE,DSC05022.jpeg
https://shakta-manuscripts.s3.eu-west-2.amazonaws.com/ochs0010_palm-leaf/high_resolution/DSC05023.jpeg,11118903,11.1 MB,ochs0010_palm-leaf,TRUE,DSC05023.jpeg
https://shakta-manuscripts.s3.eu-west-2.amazonaws.com/ochs0010_palm-leaf/high_resolution/DSC05024.jpeg,11048917,11 MB,ochs0010_palm-leaf,TRUE,DSC05024.jpeg
https://shakta-manuscripts.s3.eu-west-2.amazonaws.com/ochs0010_palm-leaf/high_resolution/DSC05025.jpeg,10837670,10.8 MB,ochs0010_palm-leaf,TRUE,DSC05025.jpeg
https://shakta-manuscripts.s3.eu-west-2.amazonaws.com/ochs0010_palm-leaf/high_resolution/DSC05026.jpeg,11000020,11 MB,ochs0010_palm-leaf,TRUE,DSC05026.jpeg
https://shakta-manuscripts.s3.eu-west-2.amazonaws.com/ochs0010_palm-leaf/high_resolution/DSC05027.jpeg,10836489,10.8 MB,ochs0010_palm-leaf,TRUE,DSC05027.jpeg
https://shakta-manuscripts.s3.eu-west-2.amazonaws.com/ochs0010_palm-leaf/high_resolution/DSC05028.jpeg,10794923,10.8 MB,ochs0010_palm-leaf,TRUE,DSC05028.jpeg
https://shakta-manuscripts.s3.eu-west-2.amazonaws.com/ochs0010_palm-leaf/high_resolution/DSC05029.jpeg,11182088,11.2 MB,ochs0010_palm-leaf,TRUE,DSC05029.jpeg
https://shakta-manuscripts.s3.eu-west-2.amazonaws.com/ochs0010_palm-leaf/high_resolution/DSC05030.jpeg,11030702,11 MB,ochs0010_palm-leaf,TRUE,DSC05030.jpeg
https://shakta-manuscripts.s3.eu-west-2.amazonaws.com/ochs0010_palm-leaf/high_resolution/DSC05031.jpeg,10703562,10.7 MB,ochs0010_palm-leaf,TRUE,DSC05031.jpeg
https://shakta-manuscripts.s3.eu-west-2.amazonaws.com/ochs0010_palm-leaf/high_resolution/DSC05032.jpeg,10964412,11 MB,ochs0010_palm-leaf,TRUE,DSC05032.jpeg
https://shakta-manuscripts.s3.eu-west-2.amazonaws.com/ochs0010_palm-leaf/high_resolution/DSC05033.jpeg,11050807,11.1 MB,ochs0010_palm-leaf,TRUE,DSC05033.jpeg
https://shakta-manuscripts.s3.eu-west-2.amazonaws.com/ochs0010_palm-leaf/high_resolution/DSC05034.jpeg,11023546,11 MB,ochs0010_palm-leaf,TRUE,DSC05034.jpeg
https://shakta-manuscripts.s3.eu-west-2.amazonaws.com/ochs0010_palm-leaf/high_resolution/DSC05035.jpeg,11263998,11.3 MB,ochs0010_palm-leaf,TRUE,DSC05035.jpeg
https://shakta-manuscripts.s3.eu-west-2.amazonaws.com/ochs0010_palm-leaf/high_resolution/DSC05036.jpeg,11026405,11 MB,ochs0010_palm-leaf,TRUE,DSC05036.jpeg
https://shakta-manuscripts.s3.eu-west-2.amazonaws.com/ochs0010_palm-leaf/high_resolution/DSC05037.jpeg,10940992,10.9 MB,ochs0010_palm-leaf,TRUE,DSC05037.jpeg
https://shakta-manuscripts.s3.eu-west-2.amazonaws.com/ochs0010_palm-leaf/high_resolution/DSC05038.jpeg,11051185,11.1 MB,ochs0010_palm-leaf,TRUE,DSC05038.jpeg
https://shakta-manuscripts.s3.eu-west-2.amazonaws.com/ochs0010_palm-leaf/high_resolution/DSC05039.jpeg,11142325,11.1 MB,ochs0010_palm-leaf,TRUE,DSC05039.jpeg
https://shakta-manuscripts.s3.eu-west-2.amazonaws.com/ochs0010_palm-leaf/high_resolution/DSC05040.jpeg,10726016,10.7 MB,ochs0010_palm-leaf,TRUE,DSC05040.jpeg
https://shakta-manuscripts.s3.eu-west-2.amazonaws.com/ochs0010_palm-leaf/high_resolution/DSC05041.jpeg,10922111,10.9 MB,ochs0010_palm-leaf,TRUE,DSC05041.jpeg
https://shakta-manuscripts.s3.eu-west-2.amazonaws.com/ochs0010_palm-leaf/high_resolution/DSC05042.jpeg,11015450,11 MB,ochs0010_palm-leaf,TRUE,DSC05042.jpeg
https://shakta-manuscripts.s3.eu-west-2.amazonaws.com/ochs0010_palm-leaf/high_resolution/DSC05043.jpeg,11165836,11.2 MB,ochs0010_palm-leaf,TRUE,DSC05043.jpeg
https://shakta-manuscripts.s3.eu-west-2.amazonaws.com/ochs0010_palm-leaf/high_resolution/DSC05044.jpeg,11029695,11 MB,ochs0010_palm-leaf,TRUE,DSC05044.jpeg
https://shakta-manuscripts.s3.eu-west-2.amazonaws.com/ochs0010_palm-leaf/high_resolution/DSC05045.jpeg,11132006,11.1 MB,ochs0010_palm-leaf,TRUE,DSC05045.jpeg
https://shakta-manuscripts.s3.eu-west-2.amazonaws.com/ochs0010_palm-leaf/high_resolution/DSC05046.jpeg,11160784,11.2 MB,ochs0010_palm-leaf,TRUE,DSC05046.jpeg
https://shakta-manuscripts.s3.eu-west-2.amazonaws.com/ochs0010_palm-leaf/high_resolution/DSC05047.jpeg,10836146,10.8 MB,ochs0010_palm-leaf,TRUE,DSC05047.jpeg
https://shakta-manuscripts.s3.eu-west-2.amazonaws.com/ochs0010_palm-leaf/high_resolution/DSC05048.jpeg,10798185,10.8 MB,ochs0010_palm-leaf,TRUE,DSC05048.jpeg
https://shakta-manuscripts.s3.eu-west-2.amazonaws.com/ochs0010_palm-leaf/high_resolution/DSC05049.jpeg,10708020,10.7 MB,ochs0010_palm-leaf,TRUE,DSC05049.jpeg
https://shakta-manuscripts.s3.eu-west-2.amazonaws.com/ochs0010_palm-leaf/high_resolution/DSC05050.jpeg,9772337,9.8 MB,ochs0010_palm-leaf,TRUE,DSC05050.jpeg
https://shakta-manuscripts.s3.eu-west-2.amazonaws.com/ochs0010_palm-leaf/medium_resolution/DSC05005.jpg,178545,178.5 KB,ochs0010_palm-leaf,FALSE,DSC05005.jpg
https://shakta-manuscripts.s3.eu-west-2.amazonaws.com/ochs0010_palm-leaf/medium_resolution/DSC05007.jpg,136111,136.1 KB,ochs0010_palm-leaf,FALSE,DSC05007.jpg
https://shakta-manuscripts.s3.eu-west-2.amazonaws.com/ochs0010_palm-leaf/medium_resolution/DSC05008.jpg,251364,251.4 KB,ochs0010_palm-leaf,FALSE,DSC05008.jpg
https://shakta-manuscripts.s3.eu-west-2.amazonaws.com/ochs0010_palm-leaf/medium_resolution/DSC05009.jpg,261771,261.8 KB,ochs0010_palm-leaf,FALSE,DSC05009.jpg
https://shakta-manuscripts.s3.eu-west-2.amazonaws.com/ochs0010_palm-leaf/medium_resolution/DSC05010.jpg,249467,249.5 KB,ochs0010_palm-leaf,FALSE,DSC05010.jpg
https://shakta-manuscripts.s3.eu-west-2.amazonaws.com/ochs0010_palm-leaf/medium_resolution/DSC05011.jpg,257456,257.5 KB,ochs0010_palm-leaf,FALSE,DSC05011.jpg
https://shakta-manuscripts.s3.eu-west-2.amazonaws.com/ochs0010_palm-leaf/medium_resolution/DSC05012.jpg,253776,253.8 KB,ochs0010_palm-leaf,FALSE,DSC05012.jpg
https://shakta-manuscripts.s3.eu-west-2.amazonaws.com/ochs0010_palm-leaf/medium_resolution/DSC05013.jpg,246766,246.8 KB,ochs0010_palm-leaf,FALSE,DSC05013.jpg
https://shakta-manuscripts.s3.eu-west-2.amazonaws.com/ochs0010_palm-leaf/medium_resolution/DSC05014.jpg,244583,244.6 KB,ochs0010_palm-leaf,FALSE,DSC05014.jpg
https://shakta-manuscripts.s3.eu-west-2.amazonaws.com/ochs0010_palm-leaf/medium_resolution/DSC05015.jpg,247858,247.9 KB,ochs0010_palm-leaf,FALSE,DSC05015.jpg
https://shakta-manuscripts.s3.eu-west-2.amazonaws.com/ochs0010_palm-leaf/medium_resolution/DSC05016.jpg,245451,245.5 KB,ochs0010_palm-leaf,FALSE,DSC05016.jpg
https://shakta-manuscripts.s3.eu-west-2.amazonaws.com/ochs0010_palm-leaf/medium_resolution/DSC05017.jpg,252852,252.9 KB,ochs0010_palm-leaf,FALSE,DSC05017.jpg
https://shakta-manuscripts.s3.eu-west-2.amazonaws.com/ochs0010_palm-leaf/medium_resolution/DSC05018.jpg,246931,246.9 KB,ochs0010_palm-leaf,FALSE,DSC05018.jpg
https://shakta-manuscripts.s3.eu-west-2.amazonaws.com/ochs0010_palm-leaf/medium_resolution/DSC05019.jpg,243078,243.1 KB,ochs0010_palm-leaf,FALSE,DSC05019.jpg
https://shakta-manuscripts.s3.eu-west-2.amazonaws.com/ochs0010_palm-leaf/medium_resolution/DSC05020.jpg,248013,248 KB,ochs0010_palm-leaf,FALSE,DSC05020.jpg
https://shakta-manuscripts.s3.eu-west-2.amazonaws.com/ochs0010_palm-leaf/medium_resolution/DSC05021.jpg,237703,237.7 KB,ochs0010_palm-leaf,FALSE,DSC05021.jpg
https://shakta-manuscripts.s3.eu-west-2.amazonaws.com/ochs0010_palm-leaf/medium_resolution/DSC05022.jpg,239328,239.3 KB,ochs0010_palm-leaf,FALSE,DSC05022.jpg
https://shakta-manuscripts.s3.eu-west-2.amazonaws.com/ochs0010_palm-leaf/medium_resolution/DSC05023.jpg,255527,255.5 KB,ochs0010_palm-leaf,FALSE,DSC05023.jpg
https://shakta-manuscripts.s3.eu-west-2.amazonaws.com/ochs0010_palm-leaf/medium_resolution/DSC05024.jpg,248838,248.8 KB,ochs0010_palm-leaf,FALSE,DSC05024.jpg
https://shakta-manuscripts.s3.eu-west-2.amazonaws.com/ochs0010_palm-leaf/medium_resolution/DSC05025.jpg,244976,245 KB,ochs0010_palm-leaf,FALSE,DSC05025.jpg
https://shakta-manuscripts.s3.eu-west-2.amazonaws.com/ochs0010_palm-leaf/medium_resolution/DSC05026.jpg,253175,253.2 KB,ochs0010_palm-leaf,FALSE,DSC05026.jpg
https://shakta-manuscripts.s3.eu-west-2.amazonaws.com/ochs0010_palm-leaf/medium_resolution/DSC05027.jpg,247783,247.8 KB,ochs0010_palm-leaf,FALSE,DSC05027.jpg
https://shakta-manuscripts.s3.eu-west-2.amazonaws.com/ochs0010_palm-leaf/medium_resolution/DSC05028.jpg,247747,247.7 KB,ochs0010_palm-leaf,FALSE,DSC05028.jpg
https://shakta-manuscripts.s3.eu-west-2.amazonaws.com/ochs0010_palm-leaf/medium_resolution/DSC05029.jpg,250327,250.3 KB,ochs0010_palm-leaf,FALSE,DSC05029.jpg
https://shakta-manuscripts.s3.eu-west-2.amazonaws.com/ochs0010_palm-leaf/medium_resolution/DSC05030.jpg,250133,250.1 KB,ochs0010_palm-leaf,FALSE,DSC05030.jpg
https://shakta-manuscripts.s3.eu-west-2.amazonaws.com/ochs0010_palm-leaf/medium_resolution/DSC05031.jpg,238538,238.5 KB,ochs0010_palm-leaf,FALSE,DSC05031.jpg
https://shakta-manuscripts.s3.eu-west-2.amazonaws.com/ochs0010_palm-leaf/medium_resolution/DSC05032.jpg,245135,245.1 KB,ochs0010_palm-leaf,FALSE,DSC05032.jpg
https://shakta-manuscripts.s3.eu-west-2.amazonaws.com/ochs0010_palm-leaf/medium_resolution/DSC05033.jpg,246626,246.6 KB,ochs0010_palm-leaf,FALSE,DSC05033.jpg
https://shakta-manuscripts.s3.eu-west-2.amazonaws.com/ochs0010_palm-leaf/medium_resolution/DSC05034.jpg,243639,243.6 KB,ochs0010_palm-leaf,FALSE,DSC05034.jpg
https://shakta-manuscripts.s3.eu-west-2.amazonaws.com/ochs0010_palm-leaf/medium_resolution/DSC05035.jpg,244595,244.6 KB,ochs0010_palm-leaf,FALSE,DSC05035.jpg
https://shakta-manuscripts.s3.eu-west-2.amazonaws.com/ochs0010_palm-leaf/medium_resolution/DSC05036.jpg,248226,248.2 KB,ochs0010_palm-leaf,FALSE,DSC05036.jpg
https://shakta-manuscripts.s3.eu-west-2.amazonaws.com/ochs0010_palm-leaf/medium_resolution/DSC05037.jpg,247643,247.6 KB,ochs0010_palm-leaf,FALSE,DSC05037.jpg
https://shakta-manuscripts.s3.eu-west-2.amazonaws.com/ochs0010_palm-leaf/medium_resolution/DSC05038.jpg,244268,244.3 KB,ochs0010_palm-leaf,FALSE,DSC05038.jpg
https://shakta-manuscripts.s3.eu-west-2.amazonaws.com/ochs0010_palm-leaf/medium_resolution/DSC05039.jpg,252597,252.6 KB,ochs0010_palm-leaf,FALSE,DSC05039.jpg
https://shakta-manuscripts.s3.eu-west-2.amazonaws.com/ochs0010_palm-leaf/medium_resolution/DSC05040.jpg,245477,245.5 KB,ochs0010_palm-leaf,FALSE,DSC05040.jpg
https://shakta-manuscripts.s3.eu-west-2.amazonaws.com/ochs0010_palm-leaf/medium_resolution/DSC05041.jpg,252249,252.2 KB,ochs0010_palm-leaf,FALSE,DSC05041.jpg
https://shakta-manuscripts.s3.eu-west-2.amazonaws.com/ochs0010_palm-leaf/medium_resolution/DSC05042.jpg,247256,247.3 KB,ochs0010_palm-leaf,FALSE,DSC05042.jpg
https://shakta-manuscripts.s3.eu-west-2.amazonaws.com/ochs0010_palm-leaf/medium_resolution/DSC05043.jpg,244838,244.8 KB,ochs0010_palm-leaf,FALSE,DSC05043.jpg
https://shakta-manuscripts.s3.eu-west-2.amazonaws.com/ochs0010_palm-leaf/medium_resolution/DSC05044.jpg,245889,245.9 KB,ochs0010_palm-leaf,FALSE,DSC05044.jpg
https://shakta-manuscripts.s3.eu-west-2.amazonaws.com/ochs0010_palm-leaf/medium_resolution/DSC05045.jpg,254718,254.7 KB,ochs0010_palm-leaf,FALSE,DSC05045.jpg
https://shakta-manuscripts.s3.eu-west-2.amazonaws.com/ochs0010_palm-leaf/medium_resolution/DSC05046.jpg,252474,252.5 KB,ochs0010_palm-leaf,FALSE,DSC05046.jpg
https://shakta-manuscripts.s3.eu-west-2.amazonaws.com/ochs0010_palm-leaf/medium_resolution/DSC05047.jpg,244411,244.4 KB,ochs0010_palm-leaf,FALSE,DSC05047.jpg
https://shakta-manuscripts.s3.eu-west-2.amazonaws.com/ochs0010_palm-leaf/medium_resolution/DSC05048.jpg,232016,232 KB,ochs0010_palm-leaf,FALSE,DSC05048.jpg
https://shakta-manuscripts.s3.eu-west-2.amazonaws.com/ochs0010_palm-leaf/medium_resolution/DSC05049.jpg,236849,236.8 KB,ochs0010_palm-leaf,FALSE,DSC05049.jpg
https://shakta-manuscripts.s3.eu-west-2.amazonaws.com/ochs0010_palm-leaf/medium_resolution/DSC05050.jpg,167265,167.3 KB,ochs0010_palm-leaf,FALSE,DSC05050.jpg
